Workbook

Sheet Preguntas
B2: ENCUESTA PROYECTO CHEERCLICK SYSTEMS
B5: 1. ¿Que herramientas utiliza actualmente para organizar sus horarios de entrenamiento? | D5: 1. Calendario Digital
D6: 2.Notas o recordatorios por WhatsApp
D7: 3. No utilzo ninguna herramienta
D8: 4.Otro
B11: 2. ¿Ha presentado dificultades al usar estas herramientas para gestionar sus horarios? | D11: 1. Sí, he tenido dificultades
D12: 2. No, las manejo sin problemas
D13: 3. No utilizo herramientas de gestión
B16: 3. ¿Tiene dificultades para gestionar su inventario personal (uniformes, bolsos, implementos deportivos, calzado, etc.)? | D16: 1, Si
D17: 2. No
B20: 4. ¿Qué problemas ha tenido con el manejo de inventario? | D20: 1. Incumplimiento en la entrega o reposición
D21: 2. Desorden en el registrode los elementos
D22: 3. Errores o pérdida de información
D23: 4. No llevo un control de inventario
B26: 5. Qué tan fácil le resulta registrar una petición, queja, reclamo o sugerencia (PQRS) en la escuela Blood Tigers? | D26: 1, Muy fácil
D27: 2. Fácil
D28: 3. Difícil
D29: 4. Muy difícil
B32: 6. Recibió respuesta a la PQRS en un tiempo adecuado? | D32: 1. Si
D33: 2. No
D34: 3. No he registrado ninguna PQRS
B37: 7. ¿Qué tan fácil es para usted registrar o hacer seguimiento al desempeño de los atletas durante los entrenamientos? | D37: 1. Es fácil
D38: 2.Es complicado
D39: 3. No contamos con un sistema claro para registrar el desempeño
D40: 4. No aplica
B43: 8. ¿El Club Blood Tigers le ayuda a identificar fortalezas y debilidades en su rendimiento? | D43: 1. Si
D44: 2. No
D45: 3. La manera actual no es la mas adecuada
D46: 4. No aplica
B49: 9. ¿Cree que identificar fortalezas y debilidades ayuda a mejorar el rendimiento deportivo? | D49: 1. Si
D50: 2. No
D51: 3. No aplica
B54: 10. ¿Cree que la implementación de un sistema (Web y Móvil) mejoraría las problematicas mencionadas anteriormente? | D54: 1. Mejoraría mucho
D55: 2. Mejoraría mucho
D56: 3. Tal vez mejoraría
D57: 4. No mejoraría nada

Sheet Respuetas
B3: Pregunta 1 | C3: Pregunta 2 | D3: Pregunta 3 | E3: Pregunta 4 | F3: Pregunta 5 | G3: Pregunta 6 | H3: Pregunta 7 | I3: Pregunta 8 | J3: Pregunta 9 | K3: Pregunta 10
B4: 1 | C4: 1 | D4: 1 | E4: 1 | F4: 1 | G4: 1 | H4: 1 | I4: 1 | J4: 1 | K4: 1
B5: 2 | C5: 1 | D5: 1 | E5: 1 | F5: 1 | G5: 1 | H5: 1 | I5: 1 | J5: 1 | K5: 1
B6: 2 | C6: 1 | D6: 1 | E6: 1 | F6: 2 | G6: 1 | H6: 1 | I6: 1 | J6: 1 | K6: 1
B7: 2 | C7: 2 | D7: 1 | E7: 1 | F7: 2 | G7: 1 | H7: 1 | I7: 1 | J7: 1 | K7: 1
B8: 2 | C8: 2 | D8: 1 | E8: 2 | F8: 2 | G8: 1 | H8: 1 | I8: 1 | J8: 1 | K8: 1
B9: 2 | C9: 2 | D9: 1 | E9: 2 | F9: 2 | G9: 1 | H9: 2 | I9: 1 | J9: 1 | K9: 1
B10: 2 | C10: 2 | D10: 1 | E10: 2 | F10: 2 | G10: 2 | H10: 2 | I10: 1 | J10: 1 | K10: 1
B11: 2 | C11: 2 | D11: 1 | E11: 2 | F11: 3 | G11: 3 | H11: 3 | I11: 3 | J11: 1 | K11: 2
B12: 2 | C12: 2 | D12: 1 | E12: 2 | F12: 3 | G12: 3 | H12: 3 | I12: 3 | J12: 1 | K12: 2
B13: 2 | C13: 2 | D13: 1 | E13: 2 | F13: 3 | G13: 3 | H13: 3 | I13: 3 | J13: 1 | K13: 2
B14: 3 | C14: 3 | D14: 1 | E14: 2 | F14: 3 | G14: 3 | H14: 3 | I14: 3 | J14: 1 | K14: 2
B15: 3 | C15: 3 | D15: 1 | E15: 2 | F15: 3 | G15: 3 | H15: 3 | I15: 3 | J15: 1 | K15: 2
... B23: 3 | C23: 3 | D23: 2 | E23: 4 | F23: 3 | G23: 3 | H23: 3 | I23: 3 | J23: 1 | K23: 3

Sheet Pregunta 1
B2: 1.¿Que herramientas utiliza actualmente para organizar sus horarios de entrenamiento?
B3: Respuesta | C3: Código | D3: Frecuencia | E3: Porcentaje
B4: Calendario Digital | C4: 1 | D4: =COUNTIF(Respuetas!B4:B23,1) -> 1 | E4: =D4/$D$8 -> 0.05
B5: Notas o recordatorios por WhatsApp | C5: 2 | D5: =COUNTIF(Respuetas!B4:B23,2) -> 9 | E5: =D5/$D$8 -> 0.45
B6: No utilzo ninguna herramienta | C6: 3 | D6: =COUNTIF(Respuetas!B4:B23,3) -> 10 | E6: =D6/$D$8 -> 0.5
B7: Otro | C7: 4 | D7: =COUNTIF(Respuetas!B7:B26,4) -> 0 | E7: =D7/$D$8 -> 0
B8: TOTAL | D8: =SUM(D4:D7) -> 20 | E8: =SUM(E4:E7) -> 1

Sheet Pregunta 2
B2: 2. ¿Ha presentado dificultades al usar estas herramientas para gestionar sus horarios?
B4: Respuesta | C4: Código | D4: Frecuencia | E4: Porcentaje
B5: Sí, he tenido dificultades | C5: 1 | D5: =COUNTIF(Respuetas!C4:C23,1) -> 3 | E5: =D5/$D$8 -> 0.15
B6: No, las manejo sin problemas | C6: 2 | D6: =COUNTIF(Respuetas!C5:C24,2) -> 7 | E6: =D6/$D$8 -> 0.35
B7: No utilizo herramientas de gestión | C7: 3 | D7: =COUNTIF(Respuetas!C4:C23,3) -> 10 | E7: =D7/$D$8 -> 0.5
B8: TOTAL | D8: =SUM(D4:D7) -> 20 | E8: =D8/$D$8 -> 1

Sheet Pregunta 3
B2: 3. ¿Tiene dificultades para gestionar su inventario personal (uniformes, bolsos, implementos deportivos, calzado, etc.)?
B4: Respuesta | C4: Código | D4: Frecuencia | E4: Porcentaje
B5: Sí | C5: 1 | D5: =COUNTIF(Respuetas!D4:D23,1) -> 15 | E5: =D5/$D$6 -> 3
B6: No | C6: 2 | D6: =COUNTIF(Respuetas!D4:D23,2) -> 5 | E6: =D6/$D$6 -> 1
B7: TOTAL | D7: =SUM(D5:D6) -> 20 | E7: =D7/$D$6 -> 4

Sheet Pregunta 4
B2: 4. ¿Qué problemas ha tenido con el manejo de inventario?
B4: Respuesta | C4: Código | D4: Frecuencia | E4: Porcentaje
B5: Incumplimiento en la entrega o reposición | C5: 1 | D5: =COUNTIF(Respuetas!E4:E23,1) -> 4 | E5: =D5/$D$9 -> 0.2
B6: Desorden en el registrode los elementos | C6: 2 | D6: =COUNTIF(Respuetas!E4:E23,2) -> 8 | E6: =D6/$D$9 -> 0.4
B7: Errores o pérdida de información | C7: 3 | D7: =COUNTIF(Respuetas!E4:E23,3) -> 0 | E7: =D7/$D$9 -> 0
B8: No llevo un control de inventario | C8: 4 | D8: =COUNTIF(Respuetas!E4:E23,4) -> 8 | E8: =D8/$D$9 -> 0.4
B9: TOTAL | D9: =SUM(D5:D8) -> 20 | E9: =SUM(E5:E8) -> 1

Sheet Pregunta 5
B2: 5. ¿Qué tan fácil le resulta registrar una petición, queja, reclamo o sugerencia (PQRS) en el Club Blood Tigers Cheers?
B4: Respuesta | C4: Código | D4: Frecuencia | E4: Porcentaje
B5: Muy fácil | C5: 1 | D5: =COUNTIF(Respuetas!F3:F22,1) -> 2 | E5: =D5/$D$9 -> 0.1
B6: Fácil | C6: 2 | D6: =COUNTIF(Respuetas!F4:F23,2) -> 5 | E6: =D6/$D$9 -> 0.25
B7: Difícil | C7: 3 | D7: =COUNTIF(Respuetas!F5:F24,3) -> 13 | E7: =D7/$D$9 -> 0.65
B8: Muy difícil | C8: 4 | D8: =COUNTIF(Respuetas!F6:F25,4) -> 0 | E8: =D8/$D$9 -> 0
B9: TOTAL | D9: =SUM(D5:D8) -> 20 | E9: =D9/$D$9 -> 1

Sheet Pregunta 6
B2: 6. ¿Recibió respuesta del PQRS en un tiempo adecuado?
B4: Respuesta | C4: Código | D4: Frecuencia | E4: Porcentaje
B5: Si | C5: 1 | D5: =COUNTIF(Respuetas!G4:G23,1) -> 6 | E5: =D5/$D$8 -> 0.3
B6: No | C6: 2 | D6: =COUNTIF(Respuetas!G4:G23,2) -> 1 | E6: =D6/$D$8 -> 0.05
B7: No he registrado ninguna PQRS | C7: 3 | D7: =COUNTIF(Respuetas!G4:G23,3) -> 13 | E7: =D7/$D$8 -> 0.65
B8: TOTAL | D8: =SUM(D4:D7) -> 20 | E8: =SUM(E5:E7) -> 1

Sheet Pregunta 7
B2: 7. ¿Qué tan fácil es registrar o hacer seguimiento al desempeño atletico en el Club?
B4: Respuesta | C4: Código | D4: Frecuencia | E4: Porcentaje
B5: Es fácil | C5: 1 | D5: =COUNTIF(Respuetas!H3:H22,1) -> 5 | E5: =D5/$D$9 -> 0.25
B6: Es complicado | C6: 2 | D6: =COUNTIF(Respuetas!H4:H23,2) -> 2 | E6: =D6/$D$9 -> 0.1
B7: No contamos con un sistema claro para registrar el desempeño | C7: 3 | D7: =COUNTIF(Respuetas!H5:H24,3) -> 13 | E7: =D7/$D$9 -> 0.65
B8: No aplica | C8: 4 | D8: =COUNTIF(Respuetas!H6:H25,4) -> 0 | E8: =D8/$D$9 -> 0
B9: TOTAL | D9: =SUM(D5:D8) -> 20 | E9: =D9/$D$9 -> 1

Sheet Pregunta 8
B2: 8. ¿El Club Blood Tigers Cheer le ayuda a identificar fortalezas y debilidades en su rendimiento?
B4: Respuesta | C4: Código | D4: Frecuencia | E4: Porcentaje
B5: Si | C5: 1 | D5: =COUNTIF(Respuetas!I4:I23,1) -> 7 | E5: =D5/$D$9 -> 0.35
B6: No | C6: 2 | D6: =COUNTIF(Respuetas!I5:I24,2) -> 0 | E6: =D6/$D$9 -> 0
B7: La manera actual no es la mas adecuada | C7: 3 | D7: =COUNTIF(Respuetas!I6:I25,3) -> 13 | E7: =D7/$D$9 -> 0.65
B8: No aplica | C8: 4 | D8: =COUNTIF(Respuetas!I7:I26,4) -> 0 | E8: =D8/$D$9 -> 0
B9: TOTAL | D9: =SUM(D5:D8) -> 20 | E9: =D9/$D$9 -> 1

Sheet Pregunta 9
B2: 10. ¿Cree que identificar fortalezas y debilidades ayuda a mejorar el rendimiento deportivo?
B3: Respuesta | C3: Código | D3: Frecuencia | E3: Porcentaje
B4: Si | C4: 1 | D4: =COUNTIF(Respuetas!J4:J23,1) -> 20 | E4: =D4/$D$7 -> 1
B5: No | C5: 2 | D5: =COUNTIF(Respuetas!J5:J24,2) -> 0 | E5: =D5/$D$7 -> 0
B6: No aplica | C6: 3 | D6: =COUNTIF(Respuetas!J6:J25,3) -> 0 | E6: =D6/$D$7 -> 0
B7: TOTAL | D7: =SUM(D4:D6) -> 20 | E7: =D7/$D$7 -> 1

Sheet Pregunta 10
B5: 10. ¿Cree que la implementación de un sistema (Web y Móvil) mejoraría las problematicas mencionadas anteriormente?
B7: Respuesta | C7: Código | D7: Frecuencia | E7: Porcentaje
B8: Mejoraría mucho | C8: 1 | D8: =COUNTIF(Respuetas!K4:K23,1) -> 7 | E8: =D8/$D$12 -> 0.35
B9: Mejoraría | C9: 2 | D9: =COUNTIF(Respuetas!K5:K24,2) -> 9 | E9: =D9/$D$12 -> 0.45
B10: Tal vez mejoraría | C10: 3 | D10: =COUNTIF(Respuetas!K6:K25,3) -> 4 | E10: =D10/$D$12 -> 0.2
B11: No mejoraría nada | C11: 4 | D11: =COUNTIF(Respuetas!K7:K26,4) -> 0
B12: TOTAL | D12: =SUM(D8:D10) -> 20 | E12: =D12/$D$12 -> 1
